{"measures":{"length":"Дължина","area":"Област","volume":"Обем","angle":"Ъгъл"},"systems":{"metric":"Метрични","imperial":"Имперски"},"units":{"millimeters":{"singular":"милиметър","singularCapitalized":"Милиметър","plural":"милиметри","pluralCapitalized":"Милиметри","abbr":"мм"},"centimeters":{"singular":"сантиметър","singularCapitalized":"Сантиметър","plural":"сантиметра","pluralCapitalized":"Сантиметри","abbr":"см"},"decimeters":{"singular":"дециметър","singularCapitalized":"Дециметър","plural":"дециметра","pluralCapitalized":"Дециметър","abbr":"дм"},"meters":{"singular":"метър","singularCapitalized":"Метър","plural":"метри","pluralCapitalized":"Метри","abbr":"м"},"kilometers":{"singular":"километър","singularCapitalized":"Километър","plural":"километри","pluralCapitalized":"Километри","abbr":"км"},"inches":{"singular":"инч","singularCapitalized":"Инч","plural":"инча","pluralCapitalized":"Инчове","abbr":"инч"},"feet":{"singular":"фут","singularCapitalized":"Фут","plural":"фута","pluralCapitalized":"Фут","abbr":"фут"},"yards":{"singular":"ярд","singularCapitalized":"Ярд","plural":"ярда","pluralCapitalized":"Ярда","abbr":"ярд"},"miles":{"singular":"миля","singularCapitalized":"Миля","plural":"мили","pluralCapitalized":"Мили","abbr":"миля"},"nautical-miles":{"singular":"морска миля","singularCapitalized":"Морска миля","plural":"морски мили","pluralCapitalized":"Морски мили","abbr":"нм"},"us-feet":{"singular":"фут (Ам.)","singularCapitalized":"Фут (Ам.)","plural":"футове (Ам.)","pluralCapitalized":"Фут (Ам.)","abbr":"фут"},"square-millimeters":{"singular":"квадратен милиметър","singularCapitalized":"Квадратен милиметър","plural":"квадратни милиметри","pluralCapitalized":"Квадратни милиметри","abbr":"мм²"},"square-centimeters":{"singular":"квадратен сантиметър","singularCapitalized":"Квадратен сантиметър","plural":"квадратни сантиметри","pluralCapitalized":"Квадратни сантиметри","abbr":"см²"},"square-decimeters":{"singular":"квадратен дециметър","singularCapitalized":"Квадратен дециметър","plural":"квадратни дециметри","pluralCapitalized":"Квадратни дециметри","abbr":"дм²"},"square-meters":{"singular":"квадратен метър","singularCapitalized":"Квадратен метър","plural":"квадратни метри","pluralCapitalized":"Квадратни метри","abbr":"м²"},"square-kilometers":{"singular":"квадратен километър","singularCapitalized":"Квадратен километър","plural":"квадратни километри","pluralCapitalized":"Квадратни километри","abbr":"км²"},"square-inches":{"singular":"квадратен инч","singularCapitalized":"Квадратен инч","plural":"квадратни инчове","pluralCapitalized":"Квадратни инчове","abbr":"инч²"},"square-feet":{"singular":"квадратен фут","singularCapitalized":"Квадратен фут","plural":"квадратни фута","pluralCapitalized":"Квадратни фута","abbr":"фут²"},"square-yards":{"singular":"квадратен ярд","singularCapitalized":"Квадратен ярд","plural":"квадратни ярда","pluralCapitalized":"Квадратни ярда","abbr":"ярд²"},"square-miles":{"singular":"квадратна миля","singularCapitalized":"Квадратна миля","plural":"квадратни мили","pluralCapitalized":"Квадратни мили","abbr":"mi²"},"square-us-feet":{"singular":"квадратен фут (Ам.)","singularCapitalized":"Квадратен фут (Ам.)","plural":"квадратни футове (Ам.)","pluralCapitalized":"Квадратни футове (Ам.)","abbr":"фут²"},"acres":{"singular":"акър","singularCapitalized":"Акър","plural":"акра","pluralCapitalized":"Акра","abbr":"акър"},"ares":{"singular":"ар","singularCapitalized":"Ар","plural":"ара","pluralCapitalized":"Ара","abbr":"а"},"hectares":{"singular":"хектар","singularCapitalized":"Хектар","plural":"хектари","pluralCapitalized":"Хектари","abbr":"ха"},"liters":{"singular":"литър","singularCapitalized":"Литър","plural":"литри","pluralCapitalized":"Литри","abbr":"л."},"cubic-millimeters":{"singular":"кубичен милиметър","singularCapitalized":"Кубичен милиметър","plural":"кубични милиметри","pluralCapitalized":"Кубични милиметри","abbr":"мм³"},"cubic-centimeters":{"singular":"кубичен сантиметър","singularCapitalized":"Кубичен сантиметър","plural":"кубични сантиметри","pluralCapitalized":"Кубични сантиметри","abbr":"см³"},"cubic-decimeters":{"singular":"кубичен дециметър","singularCapitalized":"Кубичен дециметър","plural":"кубични дециметри","pluralCapitalized":"Кубични дециметри","abbr":"дм³"},"cubic-meters":{"singular":"кубичен метър","singularCapitalized":"Кубичен метър","plural":"кубични метри","pluralCapitalized":"Кубични метри","abbr":"м³"},"cubic-kilometers":{"singular":"кубичен километър","singularCapitalized":"Кубичен километър","plural":"кубични километра","pluralCapitalized":"Кубични километра","abbr":"км³"},"cubic-inches":{"singular":"кубичен инч","singularCapitalized":"Кубичен инч","plural":"кубични инчове","pluralCapitalized":"Кубични инчове","abbr":"in³"},"cubic-feet":{"singular":"кубичен фут","singularCapitalized":"Кубичен фут","plural":"кубични фута","pluralCapitalized":"Кубични фута","abbr":"фут³"},"cubic-yards":{"singular":"кубичен ярд","singularCapitalized":"Кубичен ярд","plural":"кубични ярда","pluralCapitalized":"Кубични ярда","abbr":"ярд³"},"cubic-miles":{"singular":"кубична миля","singularCapitalized":"Кубична миля","plural":"кубични мили","pluralCapitalized":"Кубични мили","abbr":"mi³"},"radians":{"singular":"радиан","singularCapitalized":"Радиан","plural":"радиани","pluralCapitalized":"Радиани","abbr":""},"degrees":{"singular":"градус","singularCapitalized":"Градус","plural":"градуси","pluralCapitalized":"Градуси","abbr":"°"},"bytes":{"B":"{fileSize} B","kB":"{fileSize} kB","MB":"{fileSize} MB","GB":"{fileSize} GB","TB":"{fileSize} TB"}}}