{"measures":{"length":"Longitud","area":"Àrea","volume":"Volum","angle":"Angle"},"systems":{"metric":"Sistema mètric","imperial":"Sistema imperial"},"units":{"millimeters":{"singular":"mil·límetre","singularCapitalized":"Milímetro","plural":"mil·límetres","pluralCapitalized":"Mil·límetres","abbr":"mm"},"centimeters":{"singular":"centímetre","singularCapitalized":"Centímetre","plural":"centímetres","pluralCapitalized":"Centímetres","abbr":"cm"},"decimeters":{"singular":"decímetre","singularCapitalized":"Decímetro","plural":"decímetres","pluralCapitalized":"Decímetro","abbr":"dm"},"meters":{"singular":"metre","singularCapitalized":"Metre","plural":"metres","pluralCapitalized":"Metres","abbr":"m"},"kilometers":{"singular":"quilòmetre","singularCapitalized":"Quilòmetre","plural":"quilòmetres","pluralCapitalized":"Quilòmetres","abbr":"km"},"inches":{"singular":"polzada","singularCapitalized":"Pulgada","plural":"polzades","pluralCapitalized":"Polzades","abbr":"entrada"},"feet":{"singular":"peu","singularCapitalized":"Peu","plural":"peus","pluralCapitalized":"Peus","abbr":"ft"},"yards":{"singular":"iarda","singularCapitalized":"Iarda","plural":"iardes","pluralCapitalized":"Iardes","abbr":"yd"},"miles":{"singular":"milla","singularCapitalized":"Milla","plural":"milles","pluralCapitalized":"Milles","abbr":"mi"},"nautical-miles":{"singular":"milla nàutica","singularCapitalized":"Milla nàutica","plural":"milles nàutiques","pluralCapitalized":"Milles nàutiques","abbr":"nm"},"us-feet":{"singular":"peu (EUA)","singularCapitalized":"Peu (EUA)","plural":"peus (EUA)","pluralCapitalized":"Peus (EE. UU.)","abbr":"ft"},"square-millimeters":{"singular":"mil·límetre quadrat","singularCapitalized":"Mil·límetre quadrat","plural":"mil·límetres quadrats","pluralCapitalized":"Mil·límetres quadrats","abbr":"mm²"},"square-centimeters":{"singular":"centímetre quadrat","singularCapitalized":"Centímetre quadrat","plural":"centímetres quadrats","pluralCapitalized":"Centímetres quadrats","abbr":"cm²"},"square-decimeters":{"singular":"decímetre quadrat","singularCapitalized":"Decímetre quadrat","plural":"decímetres quadrats","pluralCapitalized":"Decímetres quadrats","abbr":"dm²"},"square-meters":{"singular":"metre quadrat","singularCapitalized":"Metre quadrat","plural":"metres quadrats","pluralCapitalized":"Metres quadrats","abbr":"m²"},"square-kilometers":{"singular":"quilòmetre quadrat","singularCapitalized":"Quilòmetre quadrat","plural":"quilòmetres quadrats","pluralCapitalized":"Quilòmetres quadrats","abbr":"km²"},"square-inches":{"singular":"polzada quadrada","singularCapitalized":"Polzada quadrada","plural":"polzades quadrades","pluralCapitalized":"Polzades quadrades","abbr":"in²"},"square-feet":{"singular":"peu quadrat","singularCapitalized":"Peu quadrat","plural":"peus quadrats","pluralCapitalized":"Peus quadrats","abbr":"ft²"},"square-yards":{"singular":"iarda quadrada","singularCapitalized":"Iarda quadrada","plural":"iardes quadrades","pluralCapitalized":"Iardes quadrades","abbr":"yd²"},"square-miles":{"singular":"milla quadrada","singularCapitalized":"Milla quadrada","plural":"milles quadrades","pluralCapitalized":"Milles quadrades","abbr":"mi²"},"square-us-feet":{"singular":"peu quadrat (EUA)","singularCapitalized":"Peu quadrat (EUA)","plural":"peus quadrats (EUA)","pluralCapitalized":"Peus quadrats (EUA)","abbr":"ft²"},"acres":{"singular":"acre","singularCapitalized":"Acre","plural":"acres","pluralCapitalized":"Acres","abbr":"acre"},"ares":{"singular":"àrea","singularCapitalized":"Àrea","plural":"àrees","pluralCapitalized":"Àrees","abbr":"a"},"hectares":{"singular":"hectàrea","singularCapitalized":"Hectárea","plural":"hectàrees","pluralCapitalized":"Hectàrees","abbr":"ha"},"liters":{"singular":"litre","singularCapitalized":"Litre","plural":"litres","pluralCapitalized":"Litres","abbr":"l"},"cubic-millimeters":{"singular":"mil·límetre cúbic","singularCapitalized":"Mil·límetre cúbic","plural":"mil·límetres cúbics","pluralCapitalized":"Mil·límetres cúbics","abbr":"mm³"},"cubic-centimeters":{"singular":"centímetre cúbic","singularCapitalized":"Centímetre cúbic","plural":"centímetres cúbics","pluralCapitalized":"Centímetres cúbics","abbr":"cm³"},"cubic-decimeters":{"singular":"decímetre cúbic","singularCapitalized":"Decímetre cúbic","plural":"decímetres cúbics","pluralCapitalized":"Decímetres cúbics","abbr":"dm³"},"cubic-meters":{"singular":"metre cúbic","singularCapitalized":"Metre cúbic","plural":"metres cúbics","pluralCapitalized":"Metres cúbics","abbr":"m³"},"cubic-kilometers":{"singular":"quilòmetre cúbic","singularCapitalized":"Quilòmetre cúbic","plural":"quilòmetres cúbics","pluralCapitalized":"Quilòmetres cúbics","abbr":"km³"},"cubic-inches":{"singular":"polzada cúbica","singularCapitalized":"Polzada cúbica","plural":"polzades cúbiques","pluralCapitalized":"Polzades cúbiques","abbr":"in³"},"cubic-feet":{"singular":"peu cúbic","singularCapitalized":"Peu cúbic","plural":"peus cúbics","pluralCapitalized":"Peus cúbics","abbr":"ft³"},"cubic-yards":{"singular":"iarda cúbica","singularCapitalized":"Iarda cúbica","plural":"iardes cúbiques","pluralCapitalized":"Iardes cúbiques","abbr":"yd³"},"cubic-miles":{"singular":"milla cúbica","singularCapitalized":"Milla cúbica","plural":"milles cúbiques","pluralCapitalized":"Milles cúbiques","abbr":"mi³"},"radians":{"singular":"radian","singularCapitalized":"Radián","plural":"radians","pluralCapitalized":"Radians","abbr":""},"degrees":{"singular":"grau","singularCapitalized":"Grau","plural":"graus","pluralCapitalized":"Graus","abbr":"°"},"bytes":{"B":"{fileSize} B","kB":"{fileSize} kB","MB":"{fileSize} MB","GB":"{fileSize} GB","TB":"{fileSize} TB"}}}