{"measures":{"length":"Length","area":"Area","volume":"Volume","angle":"Angle"},"systems":{"metric":"Metric","imperial":"Imperial"},"units":{"millimeters":{"singular":"millimeter","singularCapitalized":"Millimeter","plural":"millimeters","pluralCapitalized":"Millimeters","abbr":"mm"},"centimeters":{"singular":"centimeter","singularCapitalized":"Centimeter","plural":"centimeters","pluralCapitalized":"Centimeters","abbr":"cm"},"decimeters":{"singular":"decimeter","singularCapitalized":"Decimeter","plural":"decimeters","pluralCapitalized":"Decimeter","abbr":"dm"},"meters":{"singular":"meter","singularCapitalized":"Meter","plural":"meters","pluralCapitalized":"Meters","abbr":"m"},"kilometers":{"singular":"kilometer","singularCapitalized":"Kilometer","plural":"kilometers","pluralCapitalized":"Kilometers","abbr":"km"},"inches":{"singular":"inch","singularCapitalized":"Inch","plural":"inches","pluralCapitalized":"Inches","abbr":"in"},"feet":{"singular":"foot","singularCapitalized":"Foot","plural":"feet","pluralCapitalized":"Feet","abbr":"ft"},"yards":{"singular":"yard","singularCapitalized":"Yard","plural":"yards","pluralCapitalized":"Yards","abbr":"yd"},"miles":{"singular":"mile","singularCapitalized":"Mile","plural":"miles","pluralCapitalized":"Miles","abbr":"mi"},"nautical-miles":{"singular":"nautical mile","singularCapitalized":"Nautical mile","plural":"nautical miles","pluralCapitalized":"Nautical miles","abbr":"nm"},"us-feet":{"singular":"foot (US)","singularCapitalized":"Foot (US)","plural":"feet (US)","pluralCapitalized":"Feet (US)","abbr":"ft"},"square-millimeters":{"singular":"square millimeter","singularCapitalized":"Square millimeter","plural":"square millimeters","pluralCapitalized":"Square millimeters","abbr":"mm²"},"square-centimeters":{"singular":"square centimeter","singularCapitalized":"Square centimeter","plural":"square centimeters","pluralCapitalized":"Square centimeters","abbr":"cm²"},"square-decimeters":{"singular":"square decimeter","singularCapitalized":"Square decimeter","plural":"square decimeters","pluralCapitalized":"Square decimeters","abbr":"dm²"},"square-meters":{"singular":"square meter","singularCapitalized":"Square meter","plural":"square meters","pluralCapitalized":"Square meters","abbr":"m²"},"square-kilometers":{"singular":"square kilometer","singularCapitalized":"Square kilometer","plural":"square kilometers","pluralCapitalized":"Square kilometers","abbr":"km²"},"square-inches":{"singular":"square inch","singularCapitalized":"Square inch","plural":"square inches","pluralCapitalized":"Square inches","abbr":"in²"},"square-feet":{"singular":"square foot","singularCapitalized":"Square foot","plural":"square feet","pluralCapitalized":"Square feet","abbr":"ft²"},"square-yards":{"singular":"square yard","singularCapitalized":"Square yard","plural":"square yards","pluralCapitalized":"Square yards","abbr":"yd²"},"square-miles":{"singular":"square mile","singularCapitalized":"Square mile","plural":"square miles","pluralCapitalized":"Square miles","abbr":"mi²"},"square-us-feet":{"singular":"square foot (US)","singularCapitalized":"Square foot (US)","plural":"square feet (US)","pluralCapitalized":"Square feet (US)","abbr":"ft²"},"acres":{"singular":"acre","singularCapitalized":"Acre","plural":"acres","pluralCapitalized":"Acres","abbr":"acre"},"ares":{"singular":"are","singularCapitalized":"Are","plural":"ares","pluralCapitalized":"Ares","abbr":"a"},"hectares":{"singular":"hectare","singularCapitalized":"Hectare","plural":"hectares","pluralCapitalized":"Hectares","abbr":"ha"},"liters":{"singular":"liter","singularCapitalized":"Liter","plural":"liters","pluralCapitalized":"Liters","abbr":"l"},"cubic-millimeters":{"singular":"cubic millimeter","singularCapitalized":"Cubic millimeter","plural":"cubic millimeters","pluralCapitalized":"Cubic millimeters","abbr":"mm³"},"cubic-centimeters":{"singular":"cubic centimeter","singularCapitalized":"Cubic centimeter","plural":"cubic centimeters","pluralCapitalized":"Cubic centimeters","abbr":"cm³"},"cubic-decimeters":{"singular":"cubic decimeter","singularCapitalized":"Cubic decimeter","plural":"cubic decimeters","pluralCapitalized":"Cubic decimeters","abbr":"dm³"},"cubic-meters":{"singular":"cubic meter","singularCapitalized":"Cubic meter","plural":"cubic meters","pluralCapitalized":"Cubic meters","abbr":"m³"},"cubic-kilometers":{"singular":"cubic kilometer","singularCapitalized":"Cubic kilometer","plural":"cubic kilometers","pluralCapitalized":"Cubic kilometers","abbr":"km³"},"cubic-inches":{"singular":"cubic inch","singularCapitalized":"Cubic inch","plural":"cubic inches","pluralCapitalized":"Cubic inches","abbr":"in³"},"cubic-feet":{"singular":"cubic foot","singularCapitalized":"Cubic foot","plural":"cubic feet","pluralCapitalized":"Cubic feet","abbr":"ft³"},"cubic-yards":{"singular":"cubic yard","singularCapitalized":"Cubic yard","plural":"cubic yards","pluralCapitalized":"Cubic yards","abbr":"yd³"},"cubic-miles":{"singular":"cubic mile","singularCapitalized":"Cubic mile","plural":"cubic miles","pluralCapitalized":"Cubic miles","abbr":"mi³"},"radians":{"singular":"radian","singularCapitalized":"Radian","plural":"radians","pluralCapitalized":"Radians","abbr":""},"degrees":{"singular":"degree","singularCapitalized":"Degree","plural":"degrees","pluralCapitalized":"Degrees","abbr":"°"},"bytes":{"B":"{fileSize} B","kB":"{fileSize} kB","MB":"{fileSize} MB","GB":"{fileSize} GB","TB":"{fileSize} TB"}}}