{"measures":{"length":"Længde","area":"Område","volume":"Mængde","angle":"Vinkel"},"systems":{"metric":"Metrisk","imperial":"Britiske"},"units":{"millimeters":{"singular":"millimeter","singularCapitalized":"Millimeter","plural":"millimeter","pluralCapitalized":"Millimeter","abbr":"mm"},"centimeters":{"singular":"centimeter","singularCapitalized":"Centimeter","plural":"centimeter","pluralCapitalized":"Centimeter","abbr":"cm"},"decimeters":{"singular":"decimeter","singularCapitalized":"Decimeter","plural":"decimeter","pluralCapitalized":"Decimeter","abbr":"dm"},"meters":{"singular":"Meter","singularCapitalized":"Meter","plural":"meter","pluralCapitalized":"Meter","abbr":"m"},"kilometers":{"singular":"kilometer","singularCapitalized":"Kilometer","plural":"kilometer","pluralCapitalized":"Kilometer","abbr":"km"},"inches":{"singular":"tomme","singularCapitalized":"Tomme","plural":"tommer","pluralCapitalized":"Tommer","abbr":"tomme"},"feet":{"singular":"fod","singularCapitalized":"Fod","plural":"fod","pluralCapitalized":"Fod","abbr":"fod"},"yards":{"singular":"yard","singularCapitalized":"Yard","plural":"yards","pluralCapitalized":"Yards","abbr":"yard"},"miles":{"singular":"mile","singularCapitalized":"Mile","plural":"miles","pluralCapitalized":"Miles","abbr":"mile"},"nautical-miles":{"singular":"sømil","singularCapitalized":"Sømil","plural":"sømil","pluralCapitalized":"Sømil","abbr":"nm"},"us-feet":{"singular":"fod (USA)","singularCapitalized":"Fod (USA)","plural":"fod (USA)","pluralCapitalized":"Fod (USA)","abbr":"fod"},"square-millimeters":{"singular":"kvadratmillimeter","singularCapitalized":"Kvadratmillimeter","plural":"kvadratmillimeter","pluralCapitalized":"Kvadratmillimeter","abbr":"mm²"},"square-centimeters":{"singular":"kvadratcentimeter","singularCapitalized":"Kvadratcentimeter","plural":"kvadratcentimeter","pluralCapitalized":"Kvadratcentimeter","abbr":"cm²"},"square-decimeters":{"singular":"kvadratdecimeter","singularCapitalized":"Kvadratdecimeter","plural":"kvadratdecimeter","pluralCapitalized":"Kvadratdecimeter","abbr":"dm²"},"square-meters":{"singular":"kvadratmeter","singularCapitalized":"Kvadratmeter","plural":"kvadratmeter","pluralCapitalized":"Kvadratmeter","abbr":"m²"},"square-kilometers":{"singular":"kvadratkilometer","singularCapitalized":"Kvadratkilometer","plural":"kvadratkilometer","pluralCapitalized":"Kvadratkilometer","abbr":"km²"},"square-inches":{"singular":"kvadrattomme","singularCapitalized":"Kvadrattommer","plural":"kvadrattommer","pluralCapitalized":"Kvadrattommer","abbr":"in²"},"square-feet":{"singular":"kvadratfod","singularCapitalized":"Kvadratfod","plural":"kvadratfod","pluralCapitalized":"Kvadratfod","abbr":"ft²"},"square-yards":{"singular":"kvadratyard","singularCapitalized":"Kvadrat-yard","plural":"kvadratyards","pluralCapitalized":"Kvadrat-yards","abbr":"yd²"},"square-miles":{"singular":"kvadratmile","singularCapitalized":"Kvadratmile","plural":"kvadratmiles","pluralCapitalized":"Kvadrat-miles","abbr":"mi²"},"square-us-feet":{"singular":"kvadratfod (USA)","singularCapitalized":"Kvadratfod (USA)","plural":"kvadratfod (USA)","pluralCapitalized":"Kvadratfod (USA)","abbr":"ft²"},"acres":{"singular":"acre","singularCapitalized":"Acre","plural":"acres","pluralCapitalized":"Acres","abbr":"acre"},"ares":{"singular":"acre","singularCapitalized":"Ar","plural":"acres","pluralCapitalized":"Ar","abbr":"a"},"hectares":{"singular":"hektar","singularCapitalized":"Hektar","plural":"hektarer","pluralCapitalized":"Hektarer","abbr":"ha"},"liters":{"singular":"liter","singularCapitalized":"Liter","plural":"liter","pluralCapitalized":"Liter","abbr":"l"},"cubic-millimeters":{"singular":"kubikmillimeter","singularCapitalized":"Kubikmillimeter","plural":"kubikmillimeter","pluralCapitalized":"Kubikmillimeter","abbr":"mm³"},"cubic-centimeters":{"singular":"kubikcentimeter","singularCapitalized":"Kubikcentimeter","plural":"kubikcentimeter","pluralCapitalized":"Kubikcentimeter","abbr":"cm³"},"cubic-decimeters":{"singular":"kubikdecimeter","singularCapitalized":"Kubikdecimeter","plural":"kubikdecimeter","pluralCapitalized":"Kubikdecimeter","abbr":"dm³"},"cubic-meters":{"singular":"kubikmeter","singularCapitalized":"Kubikmeter","plural":"kubikmeter","pluralCapitalized":"Kubikmeter","abbr":"m³"},"cubic-kilometers":{"singular":"kubikkilometer","singularCapitalized":"Kubikkilometer","plural":"kubikkilometer","pluralCapitalized":"Kubikkilometer","abbr":"km³"},"cubic-inches":{"singular":"kubiktomme","singularCapitalized":"Kubiktomme","plural":"kubiktommer","pluralCapitalized":"Kubiktommer","abbr":"in³"},"cubic-feet":{"singular":"kubikfod","singularCapitalized":"Kubikfod","plural":"kubikfod","pluralCapitalized":"Kubikfod","abbr":"ft³"},"cubic-yards":{"singular":"kubik-yard","singularCapitalized":"Kubik-yard","plural":"kubik-yards","pluralCapitalized":"Kubik-yards","abbr":"yd³"},"cubic-miles":{"singular":"kubikmile","singularCapitalized":"Kubikmile","plural":"kubikmiles","pluralCapitalized":"Kubikmiles","abbr":"mi³"},"radians":{"singular":"radian","singularCapitalized":"Radian","plural":"radianer","pluralCapitalized":"Radianer","abbr":""},"degrees":{"singular":"grad","singularCapitalized":"Grad","plural":"grader","pluralCapitalized":"Grader","abbr":"°"},"bytes":{"B":"{fileSize} B","kB":"{fileSize} KB","MB":"{fileSize} MB","GB":"{fileSize} GB","TB":"{fileSize} TB"}}}