{"measures":{"length":"الطول","area":"المنطقة","volume":"الحجم","angle":"زاوية"},"systems":{"metric":"متري","imperial":"الإمبراطورية"},"units":{"millimeters":{"singular":"ملليمتر","singularCapitalized":"ملليمتر","plural":"ملليمتر","pluralCapitalized":"ميليميتر","abbr":"مم"},"centimeters":{"singular":"سنتيمتر","singularCapitalized":"سنتيمتر","plural":"سنتيمتر","pluralCapitalized":"سنتيميتر","abbr":"سم"},"decimeters":{"singular":"ديسيمتر","singularCapitalized":"ديسيمتر","plural":"ديسيميتر","pluralCapitalized":"ديسيمتر","abbr":"ديسيمتر"},"meters":{"singular":"متر","singularCapitalized":"متر","plural":"أمتار","pluralCapitalized":"أمتار","abbr":"متر"},"kilometers":{"singular":"كيلومتر","singularCapitalized":"كيلومتر","plural":"كيلومتر","pluralCapitalized":"كيلومترات","abbr":"كيلومتر"},"inches":{"singular":"بوصة","singularCapitalized":"بوصة","plural":"بوصة","pluralCapitalized":"بوصات","abbr":"في"},"feet":{"singular":"قدم","singularCapitalized":"قدم","plural":"قدم","pluralCapitalized":"أقدام","abbr":"قدم"},"yards":{"singular":"ياردة","singularCapitalized":"ياردة","plural":"ياردات","pluralCapitalized":"ياردات","abbr":"يارد"},"miles":{"singular":"ميل","singularCapitalized":"ميل","plural":"أميال","pluralCapitalized":"أميال","abbr":"ميل"},"nautical-miles":{"singular":"ميل بحري","singularCapitalized":"ميل بحري","plural":"أميال بحرية","pluralCapitalized":"أميال بحرية","abbr":"ميل بحري"},"us-feet":{"singular":"قدم (الولايات المتحدة)","singularCapitalized":"قدم (الولايات المتحدة)","plural":"قدم (الولايات المتحدة)","pluralCapitalized":"أقدام (الولايات المتحدة)","abbr":"قدم"},"square-millimeters":{"singular":"مليمتر مربع","singularCapitalized":"ملليمتر مربع","plural":"ملليمتر مربع","pluralCapitalized":"ملليمترات مربعة","abbr":"مليمتر مربع"},"square-centimeters":{"singular":"سنتيمتر مربع","singularCapitalized":"سنتيمتر مربع","plural":"سنتيمتر مربع","pluralCapitalized":"سنتيمترات مربعة","abbr":"سنتيمتر مربع"},"square-decimeters":{"singular":"ديسيمتر مربع","singularCapitalized":"ديسيمتر مربع","plural":"ديسيمتر مربع","pluralCapitalized":"دسيمتر مربع","abbr":"ديسيمتر مربع"},"square-meters":{"singular":"متر مربع","singularCapitalized":"متر مربع","plural":"متر مربع","pluralCapitalized":"أمتار مربعة","abbr":"متر مربع"},"square-kilometers":{"singular":"كيلو متر مربع","singularCapitalized":"كيلومتر مربع","plural":"كيلو متر مربع","pluralCapitalized":"كيلومترات مربعة","abbr":"كيلومتر مربع"},"square-inches":{"singular":"بوصة مربعة","singularCapitalized":"بوصة مربعة","plural":"بوصة مربعة","pluralCapitalized":"بوصات مربعة","abbr":"بوصة مربعة"},"square-feet":{"singular":"قدم مربع","singularCapitalized":"قدم مربع","plural":"قدم مربع","pluralCapitalized":"أقدام مربعة","abbr":"قدم مربع"},"square-yards":{"singular":"ياردة مربعة","singularCapitalized":"ياردة مربع","plural":"ياردة مربعة","pluralCapitalized":"ياردات مربعة","abbr":"ياردة مربعة"},"square-miles":{"singular":"ميل مربع","singularCapitalized":"ميل مربع","plural":"ميل مربع","pluralCapitalized":"أميال مربعة","abbr":"ميل مربع"},"square-us-feet":{"singular":"قدم مربع (الولايات المتحدة)","singularCapitalized":"قدم مربع (الولايات المتحدة)","plural":"قدم مربع (الولايات المتحدة)","pluralCapitalized":"أقدام مربعة (الولايات المتحدة)","abbr":"قدم مربع"},"acres":{"singular":"آكر","singularCapitalized":"أكر","plural":"فدان","pluralCapitalized":"فدان","abbr":"آكر"},"ares":{"singular":"هي","singularCapitalized":"هي","plural":"آر","pluralCapitalized":"آرس","abbr":"a"},"hectares":{"singular":"هكتار","singularCapitalized":"هيكتار","plural":"هيكتار","pluralCapitalized":"هكتار","abbr":"هيكتارات"},"liters":{"singular":"لتر","singularCapitalized":"لتر","plural":"لتر","pluralCapitalized":"لترات","abbr":"l"},"cubic-millimeters":{"singular":"مليمتر مكعب","singularCapitalized":"مليمتر مكعب","plural":"مليمتر مكعب","pluralCapitalized":"مليمترات مكعبة","abbr":"مليمتر مكعب"},"cubic-centimeters":{"singular":"سنتيمتر مكعب","singularCapitalized":"سنتيمتر مكعب","plural":"سنتيمتر مكعب","pluralCapitalized":"سنتيمترات مكعبة","abbr":"سنتيمتر مكعب"},"cubic-decimeters":{"singular":"ديسيمتر مكعب","singularCapitalized":"ديسيمتر مكعب","plural":"ديسيمتر مكعب","pluralCapitalized":"ديسيمترات مكعب","abbr":"ديسيمتر مكعب"},"cubic-meters":{"singular":"متر مكعب","singularCapitalized":"متر مكعب","plural":"متر مكعب","pluralCapitalized":"أمتار مكعبة","abbr":"متر مكعب"},"cubic-kilometers":{"singular":"كيلومتر مكعب","singularCapitalized":"كيلومتر مكعب","plural":"كيلومتر مكعب","pluralCapitalized":"كيلومترات مكعبة","abbr":"كيلومتر مكعب"},"cubic-inches":{"singular":"بوصة مكعبة","singularCapitalized":"بوصة مكعبة","plural":"بوصة مكعبة","pluralCapitalized":"بوصات مكعبة","abbr":"بوصة مكعبة"},"cubic-feet":{"singular":"قدم مكعب","singularCapitalized":"قدم مكعب","plural":"قدم مكعب","pluralCapitalized":"أقدام مكعبة","abbr":"قدم مكعب"},"cubic-yards":{"singular":"ياردة مكعبة","singularCapitalized":"ياردة مكعبة","plural":"ياردة مكعبة","pluralCapitalized":"ياردات مكعبة","abbr":"ياردة مكعبة"},"cubic-miles":{"singular":"ميل مكعب","singularCapitalized":"ميل مكعب","plural":"ميل مكعب","pluralCapitalized":"أميال مكعبة","abbr":"ميل مكعب"},"radians":{"singular":"radian","singularCapitalized":"التقدير الدائري","plural":"التقديرات الدائرية","pluralCapitalized":"التقديرات الدائرية","abbr":""},"degrees":{"singular":"درجة","singularCapitalized":"درجة","plural":"درجات","pluralCapitalized":"الدرجات","abbr":"°"},"bytes":{"B":"{fileSize} بايت","kB":"{fileSize} كيلوبايت","MB":"{fileSize} ميجابايت","GB":"{fileSize} جيجابايت","TB":"{fileSize} تيرابايت"}}}