{"measures":{"length":"Länge","area":"Fläche","volume":"Volumen","angle":"Winkel"},"systems":{"metric":"Metrisch","imperial":"Britisch"},"units":{"millimeters":{"singular":"Millimeter","singularCapitalized":"Millimeter","plural":"Millimeter","pluralCapitalized":"Millimeter","abbr":"mm"},"centimeters":{"singular":"Zentimeter","singularCapitalized":"Zentimeter","plural":"Zentimeter","pluralCapitalized":"Zentimeter","abbr":"cm"},"decimeters":{"singular":"Dezimeter","singularCapitalized":"Dezimeter","plural":"Dezimeter","pluralCapitalized":"Dezimeter","abbr":"dm"},"meters":{"singular":"Meter","singularCapitalized":"Meter","plural":"Meter","pluralCapitalized":"Meter","abbr":"m"},"kilometers":{"singular":"Kilometer","singularCapitalized":"Kilometer","plural":"Kilometer","pluralCapitalized":"Kilometer","abbr":"km"},"inches":{"singular":"Zoll","singularCapitalized":"Zoll","plural":"Zoll","pluralCapitalized":"Zoll","abbr":"in"},"feet":{"singular":"Fuß","singularCapitalized":"Fuß","plural":"Fuß","pluralCapitalized":"Fuß","abbr":"ft"},"yards":{"singular":"Yard","singularCapitalized":"Yard","plural":"Yards","pluralCapitalized":"Yard","abbr":"yd"},"miles":{"singular":"Meile","singularCapitalized":"Meile","plural":"Meilen","pluralCapitalized":"Meilen","abbr":"mi"},"nautical-miles":{"singular":"Seemeile","singularCapitalized":"Seemeile","plural":"Seemeilen","pluralCapitalized":"Seemeilen","abbr":"sm"},"us-feet":{"singular":"Fuß (US)","singularCapitalized":"Fuß (US)","plural":"Fuß (US)","pluralCapitalized":"Fuß (US)","abbr":"ft"},"square-millimeters":{"singular":"Quadratmillimeter","singularCapitalized":"Quadratmillimeter","plural":"Quadratmillimeter","pluralCapitalized":"Quadratmillimeter","abbr":"mm²"},"square-centimeters":{"singular":"Quadratzentimeter","singularCapitalized":"Quadratzentimeter","plural":"Quadratzentimeter","pluralCapitalized":"Quadratzentimeter","abbr":"cm²"},"square-decimeters":{"singular":"Quadratdezimeter","singularCapitalized":"Quadratdezimeter","plural":"Quadratdezimeter","pluralCapitalized":"Quadratdezimeter","abbr":"dm²"},"square-meters":{"singular":"Quadratmeter","singularCapitalized":"Quadratmeter","plural":"Quadratmeter","pluralCapitalized":"Quadratmeter","abbr":"m²"},"square-kilometers":{"singular":"Quadratkilometer","singularCapitalized":"Quadratkilometer","plural":"Quadratkilometer","pluralCapitalized":"Quadratkilometer","abbr":"km²"},"square-inches":{"singular":"Quadratzoll","singularCapitalized":"Quadratzoll","plural":"Quadratzoll","pluralCapitalized":"Quadratzoll","abbr":"in²"},"square-feet":{"singular":"Quadratfuß","singularCapitalized":"Quadratfuß","plural":"Quadratfuß","pluralCapitalized":"Quadratfuß","abbr":"ft²"},"square-yards":{"singular":"Quadratyard","singularCapitalized":"Quadratyard","plural":"Quadratyards","pluralCapitalized":"Quadratyard","abbr":"yd²"},"square-miles":{"singular":"Quadratmeile","singularCapitalized":"Quadratmeile","plural":"Quadratmeilen","pluralCapitalized":"Quadratmeilen","abbr":"mi²"},"square-us-feet":{"singular":"Quadratfuß (US)","singularCapitalized":"Quadratfuß (US)","plural":"Quadratfuß (US)","pluralCapitalized":"Quadratfuß (US)","abbr":"ft²"},"acres":{"singular":"Acre","singularCapitalized":"Acre","plural":"Acres","pluralCapitalized":"Acres","abbr":"Acre"},"ares":{"singular":"are","singularCapitalized":"Ar","plural":"Ar","pluralCapitalized":"Ar","abbr":"a"},"hectares":{"singular":"Hektar","singularCapitalized":"Hektar","plural":"Hektar","pluralCapitalized":"Hektar","abbr":"ha"},"liters":{"singular":"Liter","singularCapitalized":"Liter","plural":"Liter","pluralCapitalized":"Liter","abbr":"l"},"cubic-millimeters":{"singular":"Kubikmillimeter","singularCapitalized":"Kubikmillimeter","plural":"Kubikmillimeter","pluralCapitalized":"Kubikmillimeter","abbr":"mm³"},"cubic-centimeters":{"singular":"Kubikzentimeter","singularCapitalized":"Kubikzentimeter","plural":"Kubikzentimeter","pluralCapitalized":"Kubikzentimeter","abbr":"cm³"},"cubic-decimeters":{"singular":"Kubikdezimeter","singularCapitalized":"Kubikdezimeter","plural":"Kubikdezimeter","pluralCapitalized":"Kubikdezimeter","abbr":"dm³"},"cubic-meters":{"singular":"Kubikmeter","singularCapitalized":"Kubikmeter","plural":"Kubikmeter","pluralCapitalized":"Kubikmeter","abbr":"m³"},"cubic-kilometers":{"singular":"Kubikkilometer","singularCapitalized":"Kubikkilometer","plural":"Kubikkilometer","pluralCapitalized":"Kubikkilometer","abbr":"km³"},"cubic-inches":{"singular":"Kubikzoll","singularCapitalized":"Kubikzoll","plural":"Kubikzoll","pluralCapitalized":"Kubikzoll","abbr":"in³"},"cubic-feet":{"singular":"Kubikfuß","singularCapitalized":"Kubikfuß","plural":"Kubikfuß","pluralCapitalized":"Kubikfuß","abbr":"ft³"},"cubic-yards":{"singular":"Kubikyard","singularCapitalized":"Kubikyard","plural":"Kubikyards","pluralCapitalized":"Kubikyards","abbr":"yd³"},"cubic-miles":{"singular":"Kubikmeile","singularCapitalized":"Kubikmeile","plural":"Kubikmeile","pluralCapitalized":"Kubikmeilen","abbr":"mi³"},"radians":{"singular":"Radiant","singularCapitalized":"Radiant","plural":"Radiant","pluralCapitalized":"Bogenmaß","abbr":""},"degrees":{"singular":"Grad","singularCapitalized":"Grad","plural":"Grad","pluralCapitalized":"Grad","abbr":"°"},"bytes":{"B":"{fileSize} B","kB":"{fileSize} KB","MB":"{fileSize} MB","GB":"{fileSize} GB","TB":"{fileSize} TB"}}}