{"measures":{"length":"Duljina","area":"Površina","volume":"Količina","angle":"Kut"},"systems":{"metric":"Metrički","imperial":"Imperijalni"},"units":{"millimeters":{"singular":"milimetar","singularCapitalized":"Milimetar","plural":"milimetri","pluralCapitalized":"Milimetri","abbr":"mm"},"centimeters":{"singular":"centimetar","singularCapitalized":"Centimetar","plural":"centimetri","pluralCapitalized":"Centimetri","abbr":"cm"},"decimeters":{"singular":"decimetar","singularCapitalized":"Decimetar","plural":"decimetri","pluralCapitalized":"Decimetar","abbr":"dm"},"meters":{"singular":"metar","singularCapitalized":"Metar","plural":"metri","pluralCapitalized":"Metri","abbr":"m"},"kilometers":{"singular":"kilometar","singularCapitalized":"Kilometar","plural":"kilometara","pluralCapitalized":"Kilometri","abbr":"km"},"inches":{"singular":"inč","singularCapitalized":"Inč","plural":"inči","pluralCapitalized":"Inči","abbr":"in"},"feet":{"singular":"stopa","singularCapitalized":"Stopa","plural":"stope","pluralCapitalized":"Stope","abbr":"ft"},"yards":{"singular":"jard","singularCapitalized":"Jard","plural":"jardi","pluralCapitalized":"Jardi","abbr":"yd"},"miles":{"singular":"milja","singularCapitalized":"Milja","plural":"milje","pluralCapitalized":"Milje","abbr":"mi"},"nautical-miles":{"singular":"nautička milja","singularCapitalized":"Nautička milja","plural":"nautičke milje","pluralCapitalized":"Nautičke milje","abbr":"nm"},"us-feet":{"singular":"stopa (SAD)","singularCapitalized":"Stopa (SAD)","plural":"stope (SAD)","pluralCapitalized":"Stope (SAD)","abbr":"ft"},"square-millimeters":{"singular":"kvadratni milimetar","singularCapitalized":"Kvadratni milimetar","plural":"kvadratni milimetri","pluralCapitalized":"Kvadratni milimetri","abbr":"mm²"},"square-centimeters":{"singular":"kvadratni centimetar","singularCapitalized":"Kvadratni centimetar","plural":"kvadratni centimetri","pluralCapitalized":"Kvadratni centimetri","abbr":"cm²"},"square-decimeters":{"singular":"kvadratni decimetar","singularCapitalized":"Kvadratni decimetar","plural":"kvadratni decimetri","pluralCapitalized":"Kvadratni decimetri","abbr":"dm²"},"square-meters":{"singular":"kvadratni metar","singularCapitalized":"Kvadratni metar","plural":"kvadratni metri","pluralCapitalized":"Kvadratni metri","abbr":"m²"},"square-kilometers":{"singular":"kvadratni kilometar","singularCapitalized":"Kvadratni kilometar","plural":"kvadratni kilometri","pluralCapitalized":"Kvadratni kilometri","abbr":"km²"},"square-inches":{"singular":"kvadratni inč","singularCapitalized":"Kvadratni inč","plural":"kvadratni inči","pluralCapitalized":"Kvadratni inči","abbr":"in²"},"square-feet":{"singular":"kvadratna stopa","singularCapitalized":"Kvadratna stopa","plural":"kvadratne stope","pluralCapitalized":"Kvadratne stope","abbr":"ft²"},"square-yards":{"singular":"kvadratni jard","singularCapitalized":"Kvadratni jard","plural":"kvadratni jardi","pluralCapitalized":"Kvadratni jardi","abbr":"yd²"},"square-miles":{"singular":"kvadratna milja","singularCapitalized":"Kvadratna milja","plural":"kvadratne milje","pluralCapitalized":"Kvadratne milje","abbr":"mi²"},"square-us-feet":{"singular":"kvadratna stopa (SAD)","singularCapitalized":"Kvadratna stopa (SAD)","plural":"kvadratne stope (SAD)","pluralCapitalized":"Kvadratne stope (SAD)","abbr":"ft²"},"acres":{"singular":"ral","singularCapitalized":"Acre","plural":"rali","pluralCapitalized":"Rali","abbr":"ral"},"ares":{"singular":"ar","singularCapitalized":"Ar","plural":"ari","pluralCapitalized":"Ari","abbr":"a"},"hectares":{"singular":"hektar","singularCapitalized":"hektar","plural":"hektari","pluralCapitalized":"Hektari","abbr":"ha"},"liters":{"singular":"litra","singularCapitalized":"Litra","plural":"litre","pluralCapitalized":"Litre","abbr":"l"},"cubic-millimeters":{"singular":"kubični milimetar","singularCapitalized":"Kubični milimetar","plural":"kubični milimetri","pluralCapitalized":"Kubični milimetri","abbr":"mm³"},"cubic-centimeters":{"singular":"kubični centimetar","singularCapitalized":"Kubični centimetar","plural":"kubični centimetri","pluralCapitalized":"Kubični centimetri","abbr":"cm³"},"cubic-decimeters":{"singular":"kubični decimetar","singularCapitalized":"Kubični decimetar","plural":"kubični decimetri","pluralCapitalized":"Kubični decimetri","abbr":"dm³"},"cubic-meters":{"singular":"kubični metar","singularCapitalized":"Kubični metar","plural":"kubični metri","pluralCapitalized":"Kubični metri","abbr":"m³"},"cubic-kilometers":{"singular":"kubični kilometar","singularCapitalized":"Kubični kilometar","plural":"kubični kilometri","pluralCapitalized":"Kubični kilometri","abbr":"km³"},"cubic-inches":{"singular":"kubični inč","singularCapitalized":"Kubični inč","plural":"kubični inči","pluralCapitalized":"Kubični inči","abbr":"in³"},"cubic-feet":{"singular":"kubična stopa","singularCapitalized":"Kubična stopa","plural":"kubične stope","pluralCapitalized":"Kubične stope","abbr":"ft³"},"cubic-yards":{"singular":"kubični jard","singularCapitalized":"Kubični jard","plural":"kubični jardi","pluralCapitalized":"Kubični jardi","abbr":"yd³"},"cubic-miles":{"singular":"kubična milja","singularCapitalized":"Kubična milja","plural":"kubične milje","pluralCapitalized":"Kubične milje","abbr":"mi³"},"radians":{"singular":"radijan","singularCapitalized":"Radijan","plural":"radijani","pluralCapitalized":"Radijani","abbr":""},"degrees":{"singular":"stupanj","singularCapitalized":"Stupanj","plural":"stupnjevi","pluralCapitalized":"Stupnjevi","abbr":"°"},"bytes":{"B":"{fileSize} B","kB":"{fileSize} kB","MB":"{fileSize} MB","GB":"{fileSize} GB","TB":"{fileSize} TB"}}}