{"measures":{"length":"אורך","area":"שטח","volume":"נפח","angle":"זווית"},"systems":{"metric":"מטרי","imperial":"תקן אמריקאי"},"units":{"millimeters":{"singular":"מילימטר","singularCapitalized":"מילימטר","plural":"מילימטרים","pluralCapitalized":"מילימטרים","abbr":"ממ"},"centimeters":{"singular":"סנטימטר","singularCapitalized":"סנטימטר","plural":"סנטימטרים","pluralCapitalized":"סנטימטרים","abbr":"סמ"},"decimeters":{"singular":"דצימטר","singularCapitalized":"דצימטר","plural":"דצימטרים","pluralCapitalized":"דצימטר","abbr":"דצ'"},"meters":{"singular":"מטר","singularCapitalized":"מטר","plural":"מטרים","pluralCapitalized":"מטרים","abbr":"מ'"},"kilometers":{"singular":"קילומטר","singularCapitalized":"קילומטר","plural":"קילומטרים","pluralCapitalized":"קילומטרים","abbr":"ק \"מ"},"inches":{"singular":"אינצ'","singularCapitalized":"אינץ'","plural":"אינצ'ים","pluralCapitalized":"אינצ׳ים","abbr":"אינצ'"},"feet":{"singular":"רגל","singularCapitalized":"רגל","plural":"רגל","pluralCapitalized":"רגליים","abbr":"רגל"},"yards":{"singular":"יארד","singularCapitalized":"יארד","plural":"יארדים","pluralCapitalized":"יארדים","abbr":"יארד"},"miles":{"singular":"מייל","singularCapitalized":"מיל","plural":"מיילים","pluralCapitalized":"מייל","abbr":"מייל"},"nautical-miles":{"singular":"מיל ימי","singularCapitalized":"מייל ימי","plural":"מיילים ימיים","pluralCapitalized":"מיילים ימיים","abbr":"מייל ימי"},"us-feet":{"singular":"רגל (ארה\"ב)","singularCapitalized":"רגל (ארה\"ב)","plural":"רגליים (ארה\"ב)","pluralCapitalized":"רגל (ארה\"ב)","abbr":"רגל"},"square-millimeters":{"singular":"מילימטר רבוע","singularCapitalized":"מילימטר רבוע","plural":"מילימטרים רבועים","pluralCapitalized":"מילימטרים רבועים","abbr":"mm²"},"square-centimeters":{"singular":"סנטימטר רבוע","singularCapitalized":"סנטימטר רבוע","plural":"סנטימטרים רבועים","pluralCapitalized":"סנטימטרים רבועים","abbr":"cm²"},"square-decimeters":{"singular":"דצימטר רבוע","singularCapitalized":"דצימטר רבוע","plural":"דצימטרים רבועים","pluralCapitalized":"דצימטרים רבועים","abbr":"dm²"},"square-meters":{"singular":"מטר רבוע","singularCapitalized":"מטר רבוע","plural":"מטרים רבועים","pluralCapitalized":"מטרים רבועים","abbr":"מ²"},"square-kilometers":{"singular":"קילומטר רבוע","singularCapitalized":"קילומטר רבוע","plural":"קילומטרים רבועים","pluralCapitalized":"קילומטרים רבועים","abbr":"ק\"מ²"},"square-inches":{"singular":"אינצ' מרובע","singularCapitalized":"אינץ' רבוע","plural":"אינ'צים רבועים","pluralCapitalized":"אינ'צים רבועים","abbr":"in²"},"square-feet":{"singular":"רגל רבוע","singularCapitalized":"רגל רבוע","plural":"רגליים רבועות","pluralCapitalized":"רגל רבוע","abbr":"רגל רבוע"},"square-yards":{"singular":"יארד רבוע","singularCapitalized":"יארד רבוע","plural":"יארדים רבועים","pluralCapitalized":"יארדים רבועים","abbr":"יארד רבוע"},"square-miles":{"singular":"מייל רבוע","singularCapitalized":"מייל רבוע","plural":"מיילים רבועים","pluralCapitalized":"מיילים רבועים","abbr":"מייל²"},"square-us-feet":{"singular":"רגל רבועה (ארה\"ב)","singularCapitalized":"רגל רבוע (ארה\"ב)","plural":"רגליים רבועות (ארה\"ב)","pluralCapitalized":"רגליים רבועות (ארה\"ב)","abbr":"רגל רבוע"},"acres":{"singular":"אקר","singularCapitalized":"אקר","plural":"אקרים","pluralCapitalized":"אקרים","abbr":"אקר"},"ares":{"singular":"are","singularCapitalized":"עשירית דונם","plural":"עשיריות דונם","pluralCapitalized":"עשיריות דונם","abbr":"a"},"hectares":{"singular":"הקטר","singularCapitalized":"הקטר","plural":"הקטרים","pluralCapitalized":"הקטרים","abbr":"הקטר"},"liters":{"singular":"ליטר","singularCapitalized":"ליטר","plural":"ליטרים","pluralCapitalized":"ליטרים","abbr":"l"},"cubic-millimeters":{"singular":"מילימטר מעוקב","singularCapitalized":"מילימטר מעוקב","plural":"מילימטרים מעוקבים","pluralCapitalized":"מילימטרים מעוקבים","abbr":"mm³"},"cubic-centimeters":{"singular":"סנטימטר מעוקב","singularCapitalized":"סנטימטר מעוקב","plural":"סנטימטרים מעוקבים","pluralCapitalized":"סנטימטרים מעוקבים","abbr":"cm³"},"cubic-decimeters":{"singular":"דצימטר מעוקב","singularCapitalized":"דצימטר מעוקב","plural":"דצימטרים מעוקבים","pluralCapitalized":"דצימטרים מעוקבים","abbr":"dm³"},"cubic-meters":{"singular":"מטר מעוקב","singularCapitalized":"מטר מעוקב","plural":"מטרים מעוקבים","pluralCapitalized":"מטרים מעוקבים","abbr":"m³"},"cubic-kilometers":{"singular":"קילומטר מעוקב","singularCapitalized":"קילומטר מעוקב","plural":"קילומטרים מעוקבים","pluralCapitalized":"קילומטרים מעוקבים","abbr":"km³"},"cubic-inches":{"singular":"אינצ' מעוקב","singularCapitalized":"אינץ' מעוקב","plural":"אינצ'ים מעוקבים","pluralCapitalized":"אינצ'ים מעוקבים","abbr":"in³"},"cubic-feet":{"singular":"רגל מעוקב","singularCapitalized":"רגל מעוקב","plural":"רגליים מעוקבות","pluralCapitalized":"רגליים מעוקבות","abbr":"ft³"},"cubic-yards":{"singular":"יארד מעוקב","singularCapitalized":"יארד מעוקב","plural":"יארדים מעוקבים","pluralCapitalized":"יארדים מעוקבים","abbr":"yd³"},"cubic-miles":{"singular":"מייל מעוקב","singularCapitalized":"מייל מעוקב","plural":"מייל מעוקב","pluralCapitalized":"מיילים מעוקבים","abbr":"mi³"},"radians":{"singular":"רדיאן","singularCapitalized":"רדיאן","plural":"רדיאנים","pluralCapitalized":"רדיאנים","abbr":""},"degrees":{"singular":"מעלה","singularCapitalized":"מעלה","plural":"מעלות","pluralCapitalized":"מעלות","abbr":"°"},"bytes":{"B":"{fileSize} B","kB":"{fileSize} kB","MB":"{fileSize} MB","GB":"{fileSize} GB","TB":"{fileSize} TB"}}}