{"measures":{"length":"Μήκος","area":"Εμβαδόν","volume":"Όγκος","angle":"Γωνία"},"systems":{"metric":"Μετρικό","imperial":"Βρετανικές μονάδες"},"units":{"millimeters":{"singular":"χιλιοστό","singularCapitalized":"Χιλιοστό","plural":"χιλιοστά","pluralCapitalized":"Χιλιοστά","abbr":"χιλ."},"centimeters":{"singular":"εκατοστό","singularCapitalized":"Εκατοστό","plural":"εκατοστά","pluralCapitalized":"Εκατοστά","abbr":"εκ."},"decimeters":{"singular":"δεκατόμετρο","singularCapitalized":"Δεκατόμετρο","plural":"δεκατόμετρα","pluralCapitalized":"Δεκατόμετρα","abbr":"δεκ."},"meters":{"singular":"μέτρο","singularCapitalized":"Μέτρο","plural":"μέτρα","pluralCapitalized":"Μέτρα","abbr":"μ."},"kilometers":{"singular":"χιλιόμετρο","singularCapitalized":"Χιλιόμετρο","plural":"χιλιόμετρα","pluralCapitalized":"Χιλιόμετρα","abbr":"χλμ."},"inches":{"singular":"ίντσα","singularCapitalized":"Ίντσα","plural":"ίντσες","pluralCapitalized":"Ίντσες","abbr":"ίν."},"feet":{"singular":"πόδι","singularCapitalized":"Πόδι","plural":"πόδια","pluralCapitalized":"Πόδια","abbr":"πόδ."},"yards":{"singular":"γιάρδα","singularCapitalized":"Γιάρδα","plural":"γιάρδες","pluralCapitalized":"Γιάρδες","abbr":"γρδ."},"miles":{"singular":"μίλι","singularCapitalized":"Μίλι","plural":"μίλια","pluralCapitalized":"Μίλια","abbr":"μίλ."},"nautical-miles":{"singular":"ναυτικό μίλι","singularCapitalized":"Ναυτικό μίλι","plural":"ναυτικά μίλια","pluralCapitalized":"Ναυτικά μίλια","abbr":"ν.μ."},"us-feet":{"singular":"πόδι (ΗΠΑ)","singularCapitalized":"Πόδι (ΗΠΑ)","plural":"πόδια (ΗΠΑ)","pluralCapitalized":"Πόδια (US)","abbr":"πόδ."},"square-millimeters":{"singular":"τετραγωνικό χιλιοστό","singularCapitalized":"Τετραγωνικό χιλιοστόμετρο","plural":"τετραγωνικά χιλιοστά","pluralCapitalized":"Τετραγωνικά χιλιοστόμετρα","abbr":"τ.χιλ."},"square-centimeters":{"singular":"τετραγωνικό εκατοστό","singularCapitalized":"Τετραγωνικό εκατοστόμετρο","plural":"τετραγωνικά εκατοστά","pluralCapitalized":"Τετραγωνικά εκατοστόμετρα","abbr":"τ.εκ."},"square-decimeters":{"singular":"τετραγωνικό δεκατόμετρο","singularCapitalized":"Τετραγωνικό δεκατόμετρο","plural":"τετραγωνικά δεκατόμετρα","pluralCapitalized":"Τετραγωνικά δεκατόμετρα","abbr":"τ.δεκ."},"square-meters":{"singular":"τετραγωνικό μέτρο","singularCapitalized":"Τετραγωνικό μέτρο","plural":"τετραγωνικά μέτρα","pluralCapitalized":"Τετραγωνικά μέτρα","abbr":"τ.μ."},"square-kilometers":{"singular":"τετραγωνικό χιλιόμετρο","singularCapitalized":"Τετραγωνικό χιλιόμετρο","plural":"τετραγωνικά χιλιόμετρα","pluralCapitalized":"Τετραγωνικά χιλιόμετρα","abbr":"τ.χλμ."},"square-inches":{"singular":"τετραγωνική ίντσα","singularCapitalized":"Τετραγωνική ίντσα","plural":"τετραγωνικές ίντσες","pluralCapitalized":"Τετραγωνικές ίντσες","abbr":"τ.ίν."},"square-feet":{"singular":"τετραγωνικό πόδι","singularCapitalized":"Τετραγωνικό πόδι","plural":"τετραγωνικά πόδια","pluralCapitalized":"Τετραγωνικά πόδια","abbr":"τ.πόδ."},"square-yards":{"singular":"τετραγωνική γιάρδα","singularCapitalized":"Τετραγωνική γιάρδα","plural":"τετραγωνικές γιάρδες","pluralCapitalized":"Τετραγωνικές γιάρδες","abbr":"τ.γρδ."},"square-miles":{"singular":"τετραγωνικό μίλι","singularCapitalized":"Τετραγωνικό μίλι","plural":"τετραγωνικά μίλια","pluralCapitalized":"Τετραγωνικά μίλια","abbr":"τ.μίλ."},"square-us-feet":{"singular":"τετραγωνικό πόδι (ΗΠΑ)","singularCapitalized":"Τετραγωνικό πόδι (ΗΠΑ)","plural":"τετραγωνικά πόδια (ΗΠΑ)","pluralCapitalized":"Τετραγωνικά πόδια (ΗΠΑ)","abbr":"τ.πόδ."},"acres":{"singular":"έικρ","singularCapitalized":"Άκρι","plural":"έικρ","pluralCapitalized":"Έικρ","abbr":"έικρ"},"ares":{"singular":"άριο","singularCapitalized":"Άριο","plural":"άρια","pluralCapitalized":"Άρια","abbr":"αρ"},"hectares":{"singular":"εκτάριο","singularCapitalized":"Εκτάριο","plural":"εκτάρια","pluralCapitalized":"Εκτάρια","abbr":"εκτ."},"liters":{"singular":"λίτρο","singularCapitalized":"Λίτρο","plural":"λίτρα","pluralCapitalized":"Λίτρα","abbr":"λ."},"cubic-millimeters":{"singular":"κυβικό χιλιοστό","singularCapitalized":"Κυβικό χιλιοστό","plural":"κυβικά χιλιοστά","pluralCapitalized":"Κυβικά χιλιοστά","abbr":"κ.χιλ."},"cubic-centimeters":{"singular":"κυβικό εκατοστό","singularCapitalized":"Κυβικό εκατοστό","plural":"κυβικά εκατοστά","pluralCapitalized":"Κυβικά εκατοστά","abbr":"κ.εκ."},"cubic-decimeters":{"singular":"κυβικό δεκατόμετρο","singularCapitalized":"Κυβικό δεκατόμετρο","plural":"κυβικά δεκατόμετρα","pluralCapitalized":"Κυβικά δεκατόμετρα","abbr":"κ.δεκ."},"cubic-meters":{"singular":"κυβικό μέτρο","singularCapitalized":"Κυβικό μέτρο","plural":"κυβικά μέτρα","pluralCapitalized":"Κυβικά μέτρα","abbr":"κ.μ."},"cubic-kilometers":{"singular":"κυβικό χιλιόμετρο","singularCapitalized":"Κυβικό χιλιόμετρο","plural":"κυβικά χιλιόμετρα","pluralCapitalized":"Κυβικά χιλιόμετρα","abbr":"κ.χλμ."},"cubic-inches":{"singular":"κυβική ίντσα","singularCapitalized":"Κυβική ίντσα","plural":"κυβικές ίντσες","pluralCapitalized":"Κυβικές ίντσες","abbr":"κ.ίν."},"cubic-feet":{"singular":"κυβικό πόδι","singularCapitalized":"Κυβικό πόδι","plural":"κυβικά πόδια","pluralCapitalized":"Κυβικά πόδια","abbr":"κ.πόδ."},"cubic-yards":{"singular":"κυβική γιάρδα","singularCapitalized":"Κυβική γιάρδα","plural":"κυβικές γιάρδες","pluralCapitalized":"Κυβικές γιάρδες","abbr":"κ.γρδ."},"cubic-miles":{"singular":"κυβικό μίλι","singularCapitalized":"Κυβικό μίλι","plural":"κυβικά μίλια","pluralCapitalized":"Κυβικά μίλια","abbr":"κ.μίλ."},"radians":{"singular":"ακτίνιο","singularCapitalized":"Ακτίνιο","plural":"ακτίνια","pluralCapitalized":"Ακτίνια","abbr":""},"degrees":{"singular":"βαθμός","singularCapitalized":"Βαθμός","plural":"βαθμοί","pluralCapitalized":"Μοίρες","abbr":"°"},"bytes":{"B":"{fileSize} B","kB":"{fileSize} kB","MB":"{fileSize} MB","GB":"{fileSize} GB","TB":"{fileSize} TB"}}}