{"measures":{"length":"Longueur","area":"Surface","volume":"Volume","angle":"Angle"},"systems":{"metric":"Métriques","imperial":"Impériales"},"units":{"millimeters":{"singular":"millimètre","singularCapitalized":"Millimètre","plural":"millimètres","pluralCapitalized":"Millimètres","abbr":"mm"},"centimeters":{"singular":"centimètre","singularCapitalized":"Centimètre","plural":"centimètres","pluralCapitalized":"Centimètres","abbr":"cm"},"decimeters":{"singular":"décimètre","singularCapitalized":"Décimètre","plural":"décimètres","pluralCapitalized":"Décimètre","abbr":"dm"},"meters":{"singular":"mètre","singularCapitalized":"Mètre","plural":"mètres","pluralCapitalized":"Mètres","abbr":"m"},"kilometers":{"singular":"kilomètre","singularCapitalized":"Kilomètre","plural":"kilomètres","pluralCapitalized":"Kilomètres","abbr":"km"},"inches":{"singular":"pouce","singularCapitalized":"Pouce","plural":"pouces","pluralCapitalized":"Pouces","abbr":"in"},"feet":{"singular":"pied","singularCapitalized":"Pied","plural":"pieds","pluralCapitalized":"Pieds","abbr":"pi"},"yards":{"singular":"yard","singularCapitalized":"Yard","plural":"yards","pluralCapitalized":"Yards","abbr":"yd"},"miles":{"singular":"mile","singularCapitalized":"Mile","plural":"miles","pluralCapitalized":"Miles","abbr":"mi"},"nautical-miles":{"singular":"mille nautique","singularCapitalized":"Mille nautique","plural":"milles nautiques","pluralCapitalized":"Milles nautiques","abbr":"mn"},"us-feet":{"singular":"pied (US)","singularCapitalized":"Pied (États-Unis)","plural":"pieds (US)","pluralCapitalized":"Pieds (États-Unis)","abbr":"pi"},"square-millimeters":{"singular":"millimètre carré","singularCapitalized":"Millimètre carré","plural":"millimètres carrés","pluralCapitalized":"Millimètres carrés","abbr":"mm²"},"square-centimeters":{"singular":"centimètre carré","singularCapitalized":"Centimètre carré","plural":"centimètres carrés","pluralCapitalized":"Centimètres carrés","abbr":"cm²"},"square-decimeters":{"singular":"décimètre carré","singularCapitalized":"Décimètre carré","plural":"décimètres carrés","pluralCapitalized":"Décimètres carrés","abbr":"dm²"},"square-meters":{"singular":"mètre carré","singularCapitalized":"Mètre carré","plural":"mètres carrés","pluralCapitalized":"Mètres carrés","abbr":"m²"},"square-kilometers":{"singular":"kilomètre carré","singularCapitalized":"Kilomètre carré","plural":"kilomètres carrés","pluralCapitalized":"Kilomètres carrés","abbr":"km²"},"square-inches":{"singular":"pouce carré","singularCapitalized":"Pouce carré","plural":"pouces carrés","pluralCapitalized":"Pouces carrés","abbr":"po²"},"square-feet":{"singular":"pied carré","singularCapitalized":"Pied carré","plural":"pieds carrés","pluralCapitalized":"Pieds carrés","abbr":"pi²"},"square-yards":{"singular":"yard carré","singularCapitalized":"Yard carré","plural":"yards carrés","pluralCapitalized":"Yards carrés","abbr":"yd²"},"square-miles":{"singular":"mile carré","singularCapitalized":"Mile carré","plural":"miles carrés","pluralCapitalized":"Miles carrés","abbr":"mi²"},"square-us-feet":{"singular":"pied carré (US)","singularCapitalized":"Pied carré (États-Unis)","plural":"pieds carrés (US)","pluralCapitalized":"Pieds carrés (États-Unis)","abbr":"pi²"},"acres":{"singular":"acre","singularCapitalized":"Acre","plural":"acres","pluralCapitalized":"Ares","abbr":"acre"},"ares":{"singular":"are","singularCapitalized":"Are","plural":"ares","pluralCapitalized":"Ares","abbr":"a"},"hectares":{"singular":"hectare","singularCapitalized":"Hectare","plural":"hectares","pluralCapitalized":"Hectares","abbr":"ha"},"liters":{"singular":"litre","singularCapitalized":"Litre","plural":"litres","pluralCapitalized":"Litres","abbr":"l"},"cubic-millimeters":{"singular":"millimètre cube","singularCapitalized":"Millimètre cube","plural":"millimètres cubes","pluralCapitalized":"Millimètres cubes","abbr":"mm³"},"cubic-centimeters":{"singular":"centimètre cube","singularCapitalized":"Centimètre cube","plural":"centimètres cubes","pluralCapitalized":"Centimètres cubes","abbr":"cm³"},"cubic-decimeters":{"singular":"décimètre cube","singularCapitalized":"Décimètre cube","plural":"décimètres cubes","pluralCapitalized":"Décimètres cubes","abbr":"dm³"},"cubic-meters":{"singular":"mètre cube","singularCapitalized":"Mètre cube","plural":"mètres cubes","pluralCapitalized":"Mètres cubes","abbr":"m³"},"cubic-kilometers":{"singular":"kilomètre cube","singularCapitalized":"Kilomètre cube","plural":"kilomètres cubes","pluralCapitalized":"Kilomètres cubes","abbr":"km³"},"cubic-inches":{"singular":"pouce cube","singularCapitalized":"Pouce cube","plural":"pouces cubes","pluralCapitalized":"Pouces cubes","abbr":"po³"},"cubic-feet":{"singular":"pied cube","singularCapitalized":"Pied cube","plural":"pieds cubes","pluralCapitalized":"Pieds cubes","abbr":"pi³"},"cubic-yards":{"singular":"yard cube","singularCapitalized":"Yard cube","plural":"yards cubes","pluralCapitalized":"Yards cubes","abbr":"yd³"},"cubic-miles":{"singular":"mile cube","singularCapitalized":"Mile cube","plural":"miles cubes","pluralCapitalized":"Miles cubes","abbr":"mi³"},"radians":{"singular":"radian","singularCapitalized":"Radian","plural":"radians","pluralCapitalized":"Radians","abbr":""},"degrees":{"singular":"degré","singularCapitalized":"Degré","plural":"degrés","pluralCapitalized":"Degrés","abbr":"°"},"bytes":{"B":"{fileSize} octets","kB":"{fileSize} Ko","MB":"{fileSize} Mo","GB":"{fileSize} Go","TB":"{fileSize} To"}}}