{"measures":{"length":"Pikkus","area":"Pindala","volume":"Maht","angle":"Nurk"},"systems":{"metric":"Meetriline","imperial":"Briti"},"units":{"millimeters":{"singular":"millimeeter","singularCapitalized":"Millimeeter","plural":"millimeetrit","pluralCapitalized":"Millimeetrid","abbr":"mm"},"centimeters":{"singular":"sentimeeter","singularCapitalized":"Sentimeeter","plural":"sentimeetrit","pluralCapitalized":"Sentimeetrit","abbr":"cm"},"decimeters":{"singular":"detsimeeter","singularCapitalized":"Detsimeeter","plural":"detsimeetrit","pluralCapitalized":"detsimeetrit","abbr":"dm"},"meters":{"singular":"meeter","singularCapitalized":"Meeter","plural":"meetrit","pluralCapitalized":"m","abbr":"m"},"kilometers":{"singular":"km","singularCapitalized":"kilomeetrit","plural":"kilomeetrit","pluralCapitalized":"km","abbr":"km"},"inches":{"singular":"toll","singularCapitalized":"Toll","plural":"tolli","pluralCapitalized":"tolli","abbr":":"},"feet":{"singular":"jalg","singularCapitalized":"Jalg","plural":"jalga","pluralCapitalized":"ft","abbr":"jl"},"yards":{"singular":"jard","singularCapitalized":"Jard","plural":"jardi","pluralCapitalized":"jardi","abbr":"jr"},"miles":{"singular":"miil","singularCapitalized":"Miil","plural":"miilid","pluralCapitalized":"mi","abbr":"mi"},"nautical-miles":{"singular":"meremiil","singularCapitalized":"Meremiil","plural":"meremiili","pluralCapitalized":"Meremiili","abbr":"nm"},"us-feet":{"singular":"jalg (USA)","singularCapitalized":"Jalg (USA)","plural":"jalga (USA)","pluralCapitalized":"jalga (USA)","abbr":"jl"},"square-millimeters":{"singular":"ruutmillimeeter","singularCapitalized":"Ruutmillimeeter","plural":"ruutmillimeetrit","pluralCapitalized":"ruutmillimeetrit","abbr":"mm²"},"square-centimeters":{"singular":"ruutsentimeeter","singularCapitalized":"Ruutsentimeeter","plural":"ruutsentimeetrit","pluralCapitalized":"ruutsentimeetrit","abbr":"cm²"},"square-decimeters":{"singular":"ruutdetsimeeter","singularCapitalized":"Ruutdetsimeeter","plural":"ruutdetsimeetrit","pluralCapitalized":"ruutdetsimeetrit","abbr":"dm²"},"square-meters":{"singular":"ruutmeeter","singularCapitalized":"Ruutmeeter","plural":"ruutmeetrit","pluralCapitalized":"Ruutmeetrit","abbr":"m²"},"square-kilometers":{"singular":"ruutkilomeeter","singularCapitalized":"Ruutkilomeeter","plural":"ruutkilomeetrit","pluralCapitalized":"Ruutkilomeetrit","abbr":"km²"},"square-inches":{"singular":"ruuttoll","singularCapitalized":"Ruuttoll","plural":"ruuttolli","pluralCapitalized":"Ruuttolli","abbr":"in²"},"square-feet":{"singular":"ruutjalg","singularCapitalized":"Ruutjalg","plural":"ruutjalga","pluralCapitalized":"Ruutjalga","abbr":"ft²"},"square-yards":{"singular":"ruutjard","singularCapitalized":"Ruutjard","plural":"ruutjardi","pluralCapitalized":"Ruutjardi","abbr":"yd²"},"square-miles":{"singular":"ruutmiil","singularCapitalized":"Ruutmiil","plural":"ruutmiili","pluralCapitalized":"Ruutmiili","abbr":"mi²"},"square-us-feet":{"singular":"ruutjalg (USA)","singularCapitalized":"Ruutjalg (USA)","plural":"ruutjalga (USA)","pluralCapitalized":"Ruutjalga (USA)","abbr":"ft²"},"acres":{"singular":"aaker","singularCapitalized":"Aaker","plural":"aakrit","pluralCapitalized":"aakrit","abbr":"aaker"},"ares":{"singular":"aar","singularCapitalized":"Aar","plural":"aari","pluralCapitalized":"aari","abbr":"e.l."},"hectares":{"singular":"hektar","singularCapitalized":"Hektar","plural":"hektarit","pluralCapitalized":"hektarit","abbr":"ha"},"liters":{"singular":"liiter","singularCapitalized":"Liiter","plural":"liitrit","pluralCapitalized":"liitrit","abbr":"l"},"cubic-millimeters":{"singular":"kuupmillimeeter","singularCapitalized":"Kuupmillimeeter","plural":"kuupmillimeetrit","pluralCapitalized":"kuupmillimeetrit","abbr":"mm³"},"cubic-centimeters":{"singular":"kuupsentimeeter","singularCapitalized":"Kuupsentimeeter","plural":"kuupsentimeetrit","pluralCapitalized":"kuupsentimeetrit","abbr":"cm³"},"cubic-decimeters":{"singular":"kuupdetsimeeter","singularCapitalized":"Kuupdetsimeeter","plural":"kuupdetsimeetrit","pluralCapitalized":"kuupdetsimeetrit","abbr":"dm³"},"cubic-meters":{"singular":"kuupmeeter","singularCapitalized":"Kuupmeeter","plural":"kuupmeetrit","pluralCapitalized":"kuupmeetrit","abbr":"m³"},"cubic-kilometers":{"singular":"kuupkilomeeter","singularCapitalized":"Kuupkilomeeter","plural":"kuupkilomeetrit","pluralCapitalized":"kuupkilomeetrit","abbr":"km³"},"cubic-inches":{"singular":"kuuptoll","singularCapitalized":"Kuuptoll","plural":"kuuptolli","pluralCapitalized":"kuuptolli","abbr":"in³"},"cubic-feet":{"singular":"kuupjalg","singularCapitalized":"Kuupjalg","plural":"kuupjalga","pluralCapitalized":"kuupjalga","abbr":"ft³"},"cubic-yards":{"singular":"kuupjard","singularCapitalized":"Kuupjard","plural":"kuupjardi","pluralCapitalized":"kuupjardi","abbr":"yd³"},"cubic-miles":{"singular":"kuupmiil","singularCapitalized":"Kuupmiil","plural":"kuupmiili","pluralCapitalized":"kuupmiili","abbr":"mi³"},"radians":{"singular":"radiaan","singularCapitalized":"Radiaan","plural":"radiaani","pluralCapitalized":"Radiaanides","abbr":""},"degrees":{"singular":"kraad","singularCapitalized":"Kraad","plural":"kraadi","pluralCapitalized":"kraadi","abbr":"°"},"bytes":{"B":"{fileSize} B","kB":"{fileSize} kB","MB":"{fileSize} MB","GB":"{fileSize} GB","TB":"{fileSize} TB"}}}