{"measures":{"length":"Pituus","area":"Alue","volume":"Tilavuus","angle":"Kulma"},"systems":{"metric":"Metrijärjestelmä","imperial":"Mailijärjestelmä"},"units":{"millimeters":{"singular":"millimetri","singularCapitalized":"Millimetri","plural":"millimetriä","pluralCapitalized":"Millimetriä","abbr":"mm"},"centimeters":{"singular":"senttimetri","singularCapitalized":"Senttimetri","plural":"senttimetriä","pluralCapitalized":"Senttimetriä","abbr":"cm"},"decimeters":{"singular":"desimetri","singularCapitalized":"Desimetri","plural":"desimetriä","pluralCapitalized":"Desimetri","abbr":"dm"},"meters":{"singular":"metri","singularCapitalized":"Metri","plural":"metriä","pluralCapitalized":"Metriä","abbr":"m"},"kilometers":{"singular":"kilometri","singularCapitalized":"Kilometri","plural":"kilometriä","pluralCapitalized":"Kilometriä","abbr":"km"},"inches":{"singular":"tuuma","singularCapitalized":"Tuuma","plural":"tuumaa","pluralCapitalized":"Tuumaa","abbr":"tuuma"},"feet":{"singular":"jalka","singularCapitalized":"Jalkaa","plural":"jalkaa","pluralCapitalized":"Jalkaa","abbr":"ft"},"yards":{"singular":"jaardi","singularCapitalized":"Jaardi","plural":"jaardia","pluralCapitalized":"Jaardia","abbr":"yd"},"miles":{"singular":"maili","singularCapitalized":"Maili","plural":"mailia","pluralCapitalized":"Mailia","abbr":"mailia"},"nautical-miles":{"singular":"merimaili","singularCapitalized":"Merimaili","plural":"meripeninkulmaa","pluralCapitalized":"Meripeninkulmaa","abbr":"mpk"},"us-feet":{"singular":"jalka (Yhdysvallat)","singularCapitalized":"Jalka (Yhdysvallat)","plural":"jalkaa (Yhdysvallat)","pluralCapitalized":"Jalkaa (Yhdysvallat)","abbr":"ft"},"square-millimeters":{"singular":"neliömillimetri","singularCapitalized":"Neliömillimetri","plural":"neliömillimetriä","pluralCapitalized":"Neliömillimetriä","abbr":"mm²"},"square-centimeters":{"singular":"neliösenttimetri","singularCapitalized":"Neliösenttimetri","plural":"neliösenttimetriä","pluralCapitalized":"Neliösenttimetriä","abbr":"cm²"},"square-decimeters":{"singular":"neliödesimetri","singularCapitalized":"Neliödesimetri","plural":"neliödesimetriä","pluralCapitalized":"Neliödesimetriä","abbr":"dm²"},"square-meters":{"singular":"neliömetri","singularCapitalized":"Neliömetri","plural":"neliömetriä","pluralCapitalized":"Neliömetriä","abbr":"m²"},"square-kilometers":{"singular":"neliökilometri","singularCapitalized":"Neliökilometri","plural":"neliökilometriä","pluralCapitalized":"Neliökilometriä","abbr":"km²"},"square-inches":{"singular":"neliötuuma","singularCapitalized":"Neliötuuma","plural":"neliötuumaa","pluralCapitalized":"Neliötuumaa","abbr":"in²"},"square-feet":{"singular":"neliöjalka","singularCapitalized":"Neliöjalka","plural":"neliöjalkaa","pluralCapitalized":"Neliöjalkaa","abbr":"ft²"},"square-yards":{"singular":"neliöjaardi","singularCapitalized":"Neliöjaardi","plural":"neliöjaardia","pluralCapitalized":"Neliöjaardia","abbr":"yd²"},"square-miles":{"singular":"neliömaili","singularCapitalized":"Neliömaili","plural":"neliömailia","pluralCapitalized":"Neliömailia","abbr":"mi²"},"square-us-feet":{"singular":"neliöjalka (Yhdysvallat)","singularCapitalized":"Neliöjalka (Yhdysvallat)","plural":"neliöjalkaa (Yhdysvallat)","pluralCapitalized":"Neliöjalkaa (Yhdysvallat)","abbr":"ft²"},"acres":{"singular":"eekkeri","singularCapitalized":"Acre","plural":"eekkeriä","pluralCapitalized":"Eekkeriä","abbr":"eekkeri"},"ares":{"singular":"aari","singularCapitalized":"Aari","plural":"a","pluralCapitalized":"Aaria","abbr":"a"},"hectares":{"singular":"hehtaari","singularCapitalized":"Hehtaari","plural":"hehtaaria","pluralCapitalized":"Hehtaaria","abbr":"ha"},"liters":{"singular":"litra","singularCapitalized":"Litra","plural":"litraa","pluralCapitalized":"Litraa","abbr":"l"},"cubic-millimeters":{"singular":"kuutiomillimetri","singularCapitalized":"Kuutiomillimetri","plural":"kuutiomillimetriä","pluralCapitalized":"Kuutiomillimetriä","abbr":"mm³"},"cubic-centimeters":{"singular":"kuutiosenttimetri","singularCapitalized":"Kuutiosenttimetri","plural":"kuutiosenttimetriä","pluralCapitalized":"Kuutiosenttimetriä","abbr":"cm³"},"cubic-decimeters":{"singular":"kuutiodesimetri","singularCapitalized":"Kuutiodesimetri","plural":"kuutiodesimetriä","pluralCapitalized":"Kuutiodesimetriä","abbr":"dm³"},"cubic-meters":{"singular":"kuutiometri","singularCapitalized":"Kuutiometri","plural":"kuutiometriä","pluralCapitalized":"Kuutiometriä","abbr":"m³"},"cubic-kilometers":{"singular":"kuutiokilometri","singularCapitalized":"Kuutiokilometri","plural":"kuutiokilometriä","pluralCapitalized":"Kuutiokilometriä","abbr":"km³"},"cubic-inches":{"singular":"kuutiotuuma","singularCapitalized":"Kuutiotuuma","plural":"kuutiotuumaa","pluralCapitalized":"Kuutiotuumaa","abbr":"in³"},"cubic-feet":{"singular":"neliöjalka","singularCapitalized":"Kuutiojalka","plural":"neliöjalkaa","pluralCapitalized":"Kuutiojalkaa","abbr":"ft³"},"cubic-yards":{"singular":"kuutiojaardi","singularCapitalized":"Kuutiojaardi","plural":"kuutiojaardia","pluralCapitalized":"Kuutiojaardia","abbr":"yd³"},"cubic-miles":{"singular":"kuutiomaili","singularCapitalized":"Kuutiomaili","plural":"kuutiomailia","pluralCapitalized":"Kuutiomailia","abbr":"mi³"},"radians":{"singular":"radiaani","singularCapitalized":"Radiaani","plural":"radiaania","pluralCapitalized":"Radiaania","abbr":""},"degrees":{"singular":"aste","singularCapitalized":"Aste","plural":"astetta","pluralCapitalized":"Astetta","abbr":"°"},"bytes":{"B":"{fileSize} t","kB":"{fileSize} kt","MB":"{fileSize} Mt","GB":"{fileSize} Gt","TB":"{fileSize} Tt"}}}