{"measures":{"length":"Délka","area":"Plocha","volume":"Objem","angle":"Úhel"},"systems":{"metric":"Metrické","imperial":"Imperiální"},"units":{"millimeters":{"singular":"milimetr","singularCapitalized":"milimetr","plural":"milimetry","pluralCapitalized":"milimetry","abbr":"mm"},"centimeters":{"singular":"centimetr","singularCapitalized":"centimetr","plural":"centimetry","pluralCapitalized":"centimetry","abbr":"cm"},"decimeters":{"singular":"decimetr","singularCapitalized":"decimetr","plural":"decimetry","pluralCapitalized":"decimetr","abbr":"dm"},"meters":{"singular":"metr","singularCapitalized":"metr","plural":"metry","pluralCapitalized":"metry","abbr":"m"},"kilometers":{"singular":"kilometr","singularCapitalized":"kilometr","plural":"kilometry","pluralCapitalized":"kilometry","abbr":"km"},"inches":{"singular":"palec","singularCapitalized":"palec","plural":"palce","pluralCapitalized":"palce","abbr":"palce"},"feet":{"singular":"stopa","singularCapitalized":"stopa","plural":"stop","pluralCapitalized":"stopy","abbr":"ft"},"yards":{"singular":"yard","singularCapitalized":"yard","plural":"yardy","pluralCapitalized":"yardy","abbr":"yd"},"miles":{"singular":"míle","singularCapitalized":"míle","plural":"míle","pluralCapitalized":"míle","abbr":"míle"},"nautical-miles":{"singular":"námořní míle","singularCapitalized":"námořní míle","plural":"námořní míle","pluralCapitalized":"námořní míle","abbr":"nm"},"us-feet":{"singular":"stopa (US)","singularCapitalized":"stopa (US)","plural":"stopy (US)","pluralCapitalized":"stopy (US)","abbr":"ft"},"square-millimeters":{"singular":"milimetr čtvereční","singularCapitalized":"milimetr čtvereční","plural":"milimetry čtvereční","pluralCapitalized":"milimetry čtvereční","abbr":"mm²"},"square-centimeters":{"singular":"centimetr čtvereční","singularCapitalized":"centimetr čtvereční","plural":"centimetry čtvereční","pluralCapitalized":"centimetry čtvereční","abbr":"cm²"},"square-decimeters":{"singular":"decimetr čtvereční","singularCapitalized":"decimetr čtvereční","plural":"decimetry čtvereční","pluralCapitalized":"decimetry čtvereční","abbr":"dm²"},"square-meters":{"singular":"metr čtvereční","singularCapitalized":"metr čtvereční","plural":"metry čtvereční","pluralCapitalized":"metry čtvereční","abbr":"m²"},"square-kilometers":{"singular":"kilometr čtvereční","singularCapitalized":"kilometr čtvereční","plural":"kilometry čtvereční","pluralCapitalized":"kilometry čtvereční","abbr":"km²"},"square-inches":{"singular":"čtvereční palce","singularCapitalized":"palec čtvereční","plural":"čtvereční palce","pluralCapitalized":"palce čtvereční","abbr":"in²"},"square-feet":{"singular":"čtvereční stopa","singularCapitalized":"stopa čtvereční","plural":"čtvereční stopy","pluralCapitalized":"stopy čtvereční","abbr":"ft²"},"square-yards":{"singular":"čtvereční yard","singularCapitalized":"yard čtvereční","plural":"čtvereční yardy","pluralCapitalized":"yardy čtvereční","abbr":"yd²"},"square-miles":{"singular":"čtvereční míle","singularCapitalized":"míle čtvereční","plural":"čtvereční míle","pluralCapitalized":"míle čtvereční","abbr":"čtver. míle"},"square-us-feet":{"singular":"čtvereční stopa (US)","singularCapitalized":"stopa čtvereční (US)","plural":"čtvereční stopy (US)","pluralCapitalized":"stopy čtvereční (US)","abbr":"ft²"},"acres":{"singular":"akr","singularCapitalized":"akr","plural":"akry","pluralCapitalized":"akry","abbr":"akr"},"ares":{"singular":"ar","singularCapitalized":"ar","plural":"ary","pluralCapitalized":"ary","abbr":"a"},"hectares":{"singular":"hektar","singularCapitalized":"hektar","plural":"hektary","pluralCapitalized":"hektary","abbr":"ha"},"liters":{"singular":"litr","singularCapitalized":"litr","plural":"litry","pluralCapitalized":"litry","abbr":"l"},"cubic-millimeters":{"singular":"milimetr krychlový","singularCapitalized":"milimetr krychlový","plural":"milimetry krychlové","pluralCapitalized":"milimetry krychlové","abbr":"mm³"},"cubic-centimeters":{"singular":"centimetr krychlový","singularCapitalized":"centimetr krychlový","plural":"centimetry krychlové","pluralCapitalized":"centimetry krychlové","abbr":"cm³"},"cubic-decimeters":{"singular":"decimetr krychlový","singularCapitalized":"decimetr krychlový","plural":"decimetry krychlové","pluralCapitalized":"decimetry krychlové","abbr":"dm³"},"cubic-meters":{"singular":"metr krychlový","singularCapitalized":"metr krychlový","plural":"metry krychlové","pluralCapitalized":"metry krychlové","abbr":"m³"},"cubic-kilometers":{"singular":"kilometr krychlový","singularCapitalized":"kilometr krychlový","plural":"kilometry krychlové","pluralCapitalized":"kilometry krychlové","abbr":"km³"},"cubic-inches":{"singular":"krychlový palec","singularCapitalized":"palec krychlový","plural":"krychlové palce","pluralCapitalized":"palce krychlové","abbr":"in³"},"cubic-feet":{"singular":"krychlová stopa","singularCapitalized":"stopa krychlová","plural":"krychlové stopy","pluralCapitalized":"stopy krychlové","abbr":"ft³"},"cubic-yards":{"singular":"krychlový yard","singularCapitalized":"yard krychlový","plural":"krychlové yardy","pluralCapitalized":"yardy krychlové","abbr":"yd³"},"cubic-miles":{"singular":"krychlová míle","singularCapitalized":"míle krychlová","plural":"krychlové míle","pluralCapitalized":"míle krychlové","abbr":"mi³"},"radians":{"singular":"radián","singularCapitalized":"radián","plural":"radiány","pluralCapitalized":"radiány","abbr":""},"degrees":{"singular":"stupeň","singularCapitalized":"stupeň","plural":"stupně","pluralCapitalized":"stupně","abbr":"°"},"bytes":{"B":"{fileSize} B","kB":"{fileSize} kB","MB":"{fileSize} MB","GB":"{fileSize} GB","TB":"{fileSize} TB"}}}