{"measures":{"length":"Longitud","area":"Área","volume":"Volumen","angle":"Angle"},"systems":{"metric":"Sistema métrico","imperial":"Sistema imperial"},"units":{"millimeters":{"singular":"milímetro","singularCapitalized":"Milímetro","plural":"milímetros","pluralCapitalized":"Milímetros","abbr":"mm"},"centimeters":{"singular":"centímetro","singularCapitalized":"Centímetro","plural":"centímetros","pluralCapitalized":"Centímetros","abbr":"cm"},"decimeters":{"singular":"decímetro","singularCapitalized":"Decímetro","plural":"decímetros","pluralCapitalized":"Decímetro","abbr":"dm"},"meters":{"singular":"metro","singularCapitalized":"Metro","plural":"metros","pluralCapitalized":"Metros","abbr":"m"},"kilometers":{"singular":"kilómetro","singularCapitalized":"Kilómetro","plural":"kilómetros","pluralCapitalized":"Kilómetros","abbr":"km"},"inches":{"singular":"pulgada","singularCapitalized":"Pulgada","plural":"pulgadas","pluralCapitalized":"Pulgadas","abbr":"pulg."},"feet":{"singular":"pie","singularCapitalized":"Pie","plural":"pies","pluralCapitalized":"Pies","abbr":"pies"},"yards":{"singular":"yarda","singularCapitalized":"Yarda","plural":"yardas","pluralCapitalized":"Yardas","abbr":"yd"},"miles":{"singular":"milla","singularCapitalized":"Milla","plural":"millas","pluralCapitalized":"Millas","abbr":"mi"},"nautical-miles":{"singular":"milla náutica","singularCapitalized":"Milla náutica","plural":"millas náutic.","pluralCapitalized":"Millas náuticas","abbr":"mn"},"us-feet":{"singular":"pie (EE. UU.)","singularCapitalized":"Pie (EE. UU.)","plural":"pies (EE. UU.)","pluralCapitalized":"Pies (EE. UU.)","abbr":"ft"},"square-millimeters":{"singular":"milímetro cuadrado","singularCapitalized":"Milímetro cuadrado","plural":"milímetros cuadrados","pluralCapitalized":"Milímetros cuadrados","abbr":"mm²"},"square-centimeters":{"singular":"centímetro cuadrado","singularCapitalized":"Centímetro cuadrado","plural":"centímetros cuadrados","pluralCapitalized":"Centímetros cuadrados","abbr":"cm²"},"square-decimeters":{"singular":"decímetro cuadrado","singularCapitalized":"Decímetro cuadrado","plural":"decímetros cuadrados","pluralCapitalized":"Decímetros cuadrados","abbr":"dm²"},"square-meters":{"singular":"metro cuadrado","singularCapitalized":"Metro cuadrado","plural":"metros cuadrados","pluralCapitalized":"Metros cuadrados","abbr":"m²"},"square-kilometers":{"singular":"kilómetro cuadrado","singularCapitalized":"Kilómetro cuadrado","plural":"kilómetros cuadrados","pluralCapitalized":"Kilómetros cuadrados","abbr":"km²"},"square-inches":{"singular":"pulgada cuadrada","singularCapitalized":"Pulgada cuadrada","plural":"pulgadas cuadradas","pluralCapitalized":"Pulgadas cuadradas","abbr":"in²"},"square-feet":{"singular":"pie cuadrado","singularCapitalized":"Pie cuadrado","plural":"pies cuadrados","pluralCapitalized":"Pies cuadrados","abbr":"ft²"},"square-yards":{"singular":"yarda cuadrada","singularCapitalized":"Yarda cuadrada","plural":"yardas cuadradas","pluralCapitalized":"Yardas cuadradas","abbr":"yd²"},"square-miles":{"singular":"milla cuadrada","singularCapitalized":"Milla cuadrada","plural":"millas cuadradas","pluralCapitalized":"Millas cuadradas","abbr":"mi²"},"square-us-feet":{"singular":"pie cuadrado (EE. UU.)","singularCapitalized":"Pie cuadrado (EE. UU.)","plural":"pies cuadrados (EE. UU.)","pluralCapitalized":"Pies cuadrados (EE. UU.)","abbr":"ft²"},"acres":{"singular":"acre","singularCapitalized":"Acre","plural":"acres","pluralCapitalized":"Acres","abbr":"acre"},"ares":{"singular":"decámetro cuadrado","singularCapitalized":"Área","plural":"áreas","pluralCapitalized":"Áreas","abbr":"a"},"hectares":{"singular":"hectárea","singularCapitalized":"Hectárea","plural":"hectáreas","pluralCapitalized":"Hectáreas","abbr":"ha"},"liters":{"singular":"litro","singularCapitalized":"Litro","plural":"litros","pluralCapitalized":"Litros","abbr":"l"},"cubic-millimeters":{"singular":"milímetro cúbico","singularCapitalized":"Milímetro cúbico","plural":"milímetros cúbicos","pluralCapitalized":"Milímetros cúbicos","abbr":"mm³"},"cubic-centimeters":{"singular":"centímetro cúbico","singularCapitalized":"Centímetro cúbico","plural":"centímetros cúbicos","pluralCapitalized":"Centímetros cúbicos","abbr":"cm³"},"cubic-decimeters":{"singular":"decímetro cúbico","singularCapitalized":"Decímetro cúbico","plural":"decímetros cúbicos","pluralCapitalized":"Decímetros cúbicos","abbr":"dm³"},"cubic-meters":{"singular":"metro cúbico","singularCapitalized":"Metro cúbico","plural":"metros cúbicos","pluralCapitalized":"Metros cúbicos","abbr":"m³"},"cubic-kilometers":{"singular":"kilómetro cúbico","singularCapitalized":"Kilómetro cúbico","plural":"kilómetros cúbicos","pluralCapitalized":"Kilómetros cúbicos","abbr":"km³"},"cubic-inches":{"singular":"pulgada cúbica","singularCapitalized":"Pulgada cúbica","plural":"pulgadas cúbicas","pluralCapitalized":"Pulgadas cúbicas","abbr":"in³"},"cubic-feet":{"singular":"pie cúbico","singularCapitalized":"Pie cúbico","plural":"pies cúbicos","pluralCapitalized":"Pies cúbicos","abbr":"ft³"},"cubic-yards":{"singular":"yarda cúbica","singularCapitalized":"Yarda cúbica","plural":"yardas cúbicas","pluralCapitalized":"Yardas cúbicas","abbr":"yd³"},"cubic-miles":{"singular":"milla cúbica","singularCapitalized":"Milla cúbica","plural":"millas cúbicas","pluralCapitalized":"Millas cúbicas","abbr":"mi³"},"radians":{"singular":"radián","singularCapitalized":"Radián","plural":"radianes","pluralCapitalized":"Radianes","abbr":""},"degrees":{"singular":"grado","singularCapitalized":"Grado","plural":"grados","pluralCapitalized":"Grados","abbr":"°"},"bytes":{"B":"{fileSize} B","kB":"{fileSize} kB","MB":"{fileSize} MB","GB":"{fileSize} GB","TB":"{fileSize} TB"}}}